{
    "total_images": 50,
    "total_detections": 67,
    "confidences": [
        0.4373084306716919,
        0.2959342896938324,
        0.4058672785758972,
        0.5327710509300232,
        0.625981867313385,
        0.2714654505252838,
        0.653038740158081,
        0.7750822901725769,
        0.6797829270362854,
        0.6051778197288513,
        0.5830940008163452,
        0.5231046080589294,
        0.3208257555961609,
        0.30228057503700256,
        0.2520931363105774,
        0.573291003704071,
        0.7326327562332153,
        0.4862908124923706,
        0.4652339816093445,
        0.29036983847618103,
        0.356108158826828,
        0.34497353434562683,
        0.6061803102493286,
        0.410049706697464,
        0.35967329144477844,
        0.3213559091091156,
        0.5819242596626282,
        0.632201075553894,
        0.3257666528224945,
        0.4977894127368927,
        0.4460817277431488,
        0.6017927527427673,
        0.5107760429382324,
        0.5079754590988159,
        0.26372259855270386,
        0.28329765796661377,
        0.5633499622344971,
        0.30287912487983704,
        0.5295084714889526,
        0.3559916615486145,
        0.6676809191703796,
        0.6539174914360046,
        0.5565266013145447,
        0.30573004484176636,
        0.561276376247406,
        0.4528520107269287,
        0.3636981248855591,
        0.44072213768959045,
        0.30099964141845703,
        0.35631248354911804,
        0.5821660757064819,
        0.4286150336265564,
        0.4102483093738556,
        0.4830622673034668,
        0.7081558704376221,
        0.7915646433830261,
        0.7124670147895813,
        0.7597378492355347,
        0.3087417781352997,
        0.26791056990623474,
        0.8135718703269958,
        0.6415963768959045,
        0.40788036584854126,
        0.8227350115776062,
        0.6541864275932312,
        0.5810362100601196,
        0.4205642342567444
    ],
    "areas": [
        0.9678341731279942,
        0.41849832886422517,
        0.9920348513337558,
        0.11327686944446214,
        0.19595519679569406,
        0.29167722717943434,
        0.4762537904090459,
        0.14031828584895265,
        0.04898351965006441,
        0.022451927659749345,
        0.034022867562007376,
        0.021618517051847447,
        0.03130123756595026,
        0.01812931835276686,
        0.036295721254573435,
        0.16973533692102138,
        0.3429032462508076,
        0.15927094950129686,
        0.19052547018230598,
        0.5225146084264998,
        0.6682100451858014,
        0.19749775425591906,
        0.42207484936676337,
        0.29689805045092726,
        0.29148175587179137,
        0.31903285640797546,
        0.22016549484652387,
        0.8010665934438294,
        0.7961817578772752,
        0.9346909207759563,
        0.9158555850424455,
        0.24746435902139638,
        0.8887820572700821,
        0.1915584623282484,
        0.4784112160958102,
        0.5693664279015502,
        0.205196697317042,
        0.08606987073123548,
        0.20282218085958448,
        0.3199029657301253,
        0.16062960521518108,
        0.2751642653529052,
        0.15157550116287893,
        0.8326635995024116,
        0.20522142781161165,
        0.14510852955828113,
        0.1761146655087032,
        0.6951219334747225,
        0.4402683339190844,
        0.9069317645280353,
        0.2734782255230652,
        0.32794081426252886,
        0.06077896340195366,
        0.4597628887230917,
        0.33239862152014665,
        0.32675711042284095,
        0.06021945439582851,
        0.9849341390315931,
        0.525547911520448,
        0.3578598687850172,
        0.7409106062674254,
        0.16398311025621296,
        0.1430524497487204,
        0.31818614672670265,
        0.19951225350314417,
        0.06513491530075158,
        0.07278146383454441
    ]
}