{
    "total_images": 40,
    "total_detections": 115,
    "confidences": [
        0.4258217215538025,
        0.6182673573493958,
        0.5920172929763794,
        0.509915828704834,
        0.44195809960365295,
        0.43399927020072937,
        0.4114344120025635,
        0.3615628182888031,
        0.29165005683898926,
        0.7823032736778259,
        0.5658202171325684,
        0.6173087358474731,
        0.3388175070285797,
        0.3052894175052643,
        0.3048296272754669,
        0.8319171071052551,
        0.6756181120872498,
        0.859083890914917,
        0.8291222453117371,
        0.8020061254501343,
        0.8002475500106812,
        0.769671618938446,
        0.7647465467453003,
        0.7347416877746582,
        0.8211705684661865,
        0.8098457455635071,
        0.808682918548584,
        0.6688926815986633,
        0.6466808319091797,
        0.642734706401825,
        0.5757149457931519,
        0.4916355311870575,
        0.4433005452156067,
        0.4313799738883972,
        0.363840252161026,
        0.33576321601867676,
        0.3030959367752075,
        0.2934871017932892,
        0.29171326756477356,
        0.5778760313987732,
        0.2640901207923889,
        0.4550412893295288,
        0.41421768069267273,
        0.3338494598865509,
        0.27556100487709045,
        0.7122055888175964,
        0.47907522320747375,
        0.7695764303207397,
        0.6949122548103333,
        0.5713443756103516,
        0.562915027141571,
        0.49190977215766907,
        0.353291779756546,
        0.8324314951896667,
        0.37994667887687683,
        0.7522178888320923,
        0.5315506458282471,
        0.49559351801872253,
        0.4845229685306549,
        0.3660798966884613,
        0.5136202573776245,
        0.7018477916717529,
        0.822485625743866,
        0.4993896782398224,
        0.8881646990776062,
        0.837508499622345,
        0.39656928181648254,
        0.8309566378593445,
        0.9087516069412231,
        0.5144375562667847,
        0.44777950644493103,
        0.44141438603401184,
        0.2969989478588104,
        0.8107971549034119,
        0.7049015164375305,
        0.3602270185947418,
        0.39671358466148376,
        0.8171243071556091,
        0.47241345047950745,
        0.8467725515365601,
        0.30834701657295227,
        0.2828759551048279,
        0.46680960059165955,
        0.8217872381210327,
        0.5534909963607788,
        0.4684864580631256,
        0.4655615985393524,
        0.4477154612541199,
        0.3641457259654999,
        0.28117257356643677,
        0.44219937920570374,
        0.7828800678253174,
        0.8841350674629211,
        0.830489456653595,
        0.7602105736732483,
        0.7170601487159729,
        0.6010627746582031,
        0.5010250806808472,
        0.3575805127620697,
        0.34482264518737793,
        0.30404728651046753,
        0.5103465914726257,
        0.4467848837375641,
        0.3357783854007721,
        0.2641538679599762,
        0.803646445274353,
        0.2970558702945709,
        0.8093680739402771,
        0.821467399597168,
        0.5469146966934204,
        0.40788379311561584,
        0.2963460087776184,
        0.7164679765701294,
        0.7050874829292297,
        0.6189129948616028
    ],
    "areas": [
        0.7871123448400982,
        0.3112137203289421,
        0.02103800888407477,
        0.22643181177600696,
        0.016446808401640402,
        0.016666766081047512,
        0.015470017533714043,
        0.014596888290780043,
        0.030932613190032043,
        0.14756416248208665,
        0.06116184197486376,
        0.27170067399239856,
        0.190507821525631,
        0.1507947362224786,
        0.04886096440603069,
        0.15210351123593796,
        0.13806993026663775,
        0.053030657589005444,
        0.04578791418469791,
        0.03687782762239067,
        0.1006121110960089,
        0.1700632426698621,
        0.0430249050552311,
        0.019072706100152437,
        0.03068692599148335,
        0.10131122861084578,
        0.1427985726602924,
        0.02816744237906278,
        0.02509013892738227,
        0.015948094140429702,
        0.0075491480705954924,
        0.0062094428070477645,
        0.00416668001369942,
        0.026710666374775656,
        0.00421519152663791,
        0.024084017234536077,
        0.005447680721181314,
        0.008163041806925548,
        0.006699544143625929,
        0.16692821017024925,
        0.1449175685016644,
        0.007474147400010907,
        0.002672454755665967,
        0.00608799200199428,
        0.004804119039579291,
        0.20429588402981835,
        0.049890779141327356,
        0.20415322219278964,
        0.016021302810695675,
        0.09081774278470517,
        0.026179827802116477,
        0.06152058630154147,
        0.0038619282210994752,
        0.13577713275744885,
        0.008068881739116024,
        0.09935432285696151,
        0.15476549254656025,
        0.041069462356640545,
        0.03644053189762417,
        0.09569249997858094,
        0.043516947240118495,
        0.6457766134334088,
        2.5709220805195754,
        0.5578176014591009,
        0.5120891248919147,
        0.05760116368957682,
        0.00921100193200875,
        0.4235637669360889,
        0.06236597151595902,
        0.007673309718411474,
        0.003916102135818278,
        0.010302645441329332,
        0.0031972335063483116,
        2.3101436440161858,
        0.19730643938097045,
        0.12081033949546971,
        0.15195050044076566,
        0.09871825429054013,
        0.6111697510229339,
        0.24212845788057877,
        0.045056240544346336,
        0.284546582299814,
        0.2076317574970517,
        0.13027615077618065,
        0.02954044353631957,
        0.023150548031644576,
        0.015055717496047692,
        0.03467516392800462,
        0.016850233672448665,
        0.008857770596378031,
        2.3529162296036885,
        0.7676637138508908,
        0.1189382055944975,
        0.13112280819510944,
        0.04840084461349108,
        0.02156906088339383,
        0.038323134176721396,
        0.00805068831861604,
        0.00905669747943719,
        0.03735653602099148,
        0.00815762101853238,
        0.03155254215491823,
        0.012379598971363634,
        0.0070274637171326045,
        0.0164427827103907,
        0.10034012599771813,
        0.5802570105865813,
        0.0188749747300011,
        0.022695560839665063,
        0.034304022274307046,
        0.020753845373947543,
        0.02046439600811567,
        0.05200481879579684,
        0.08888573850807462,
        0.03609252822215012
    ]
}