{
    "total_images": 7,
    "total_detections": 12,
    "confidences": [
        0.792,
        0.712,
        0.888,
        0.308,
        0.283,
        0.51,
        0.447,
        0.336,
        0.264,
        0.77,
        0.811,
        0.847
    ],
    "areas": [
        0.32675711042284095,
        0.06021945439582851,
        0.5120891248919147,
        0.045056240544346336,
        0.284546582299814,
        0.03155254215491823,
        0.012379598971363634,
        0.0070274637171326045,
        0.0164427827103907,
        0.20415322219278964,
        2.3101436440161858,
        0.24212845788057877
    ]
}